0,get ajjuiunhkgmvaxdoa.kcgln
1,put ectcgdrfn.kxk
2,mget rgtobzztvmp.ilmee hlsjabpgp.xqg
3,mput pxxxx.wuv juaagpaxopirqjj.rnb
4,mkdir jxinuw
5,delete gsxtcnacprlgfjzuu.xmqh
6,rmdir oubnidy
7,get xhaabblx.vbx
8,put bfabsagxhayzxp.zvq
9,mget tfxterxetfi.fyq zxewsmgdidomoqas.yrs
10,mput fedgneclhgvmm.fzz jitspibgdlbzv.lwavd
11,mkdir oipbkjahcjwe
12,delete dvgquirq.mfgc
13,rmdir ohhbrg
14,get ojcfcp.rmsro
15,put bxgazeltypftuor.viag
16,mget qfhbzlpj.qjsku aariju.ezl
17,mput yopmeebqpcchahqdb.cmd fuqrwtiuxd.shb
18,mkdir roqltanmcjhmtnug
19,delete skzgtxgldr.kzpwr
20,rmdir ujzad
21,get ulxowcllcyocdztjlo.pmhae
22,put yzllmdhh.xhiei
23,mget cfhqlcdxu.bxjje drgnknulonwhd.eya
24,mput mojkowozhnzgyd.djvf vevap.ipga
25,mkdir ouahzsgae
26,delete pvzyh.qhjye
27,rmdir xgctydmjrqapts
28,get wavkteqlyftkhbcotuz.bpzgj
29,put juynqgxcsbfmdiutnda.fqyr
30,mget irudlpl.swwbn hltpqfbtaoifahgstjft.mctpx
31,mput daixfsjrtnfmskxpvpy.hrhd ckafzqvecxbqgipkon.elqpt
32,mkdir zrwbi
33,delete gtjzacigqteltaqmj.pmbh
34,rmdir bcfzhlsqfy
35,get npgekeenxaifq.bfp
36,put enibncojpsukul.qxkdo
37,mget xovxttmw.gdzv yhbebbovzosi.epdpa
38,mput yvwmkkdnjagdncs.fxapt zzmsjq.llrm
39,mkdir idkja
40,delete uucjnl.hgp
41,rmdir tphunijtnszhsal
42,get wtjskfxf.qyh
43,put xitwucgbkkykaushb.pcvf
44,mget mywhmibce.wwan qtimdydshmvv.hvqo
45,mput clozyxsr.ludle sijkeascsocruwtx.lotjf
46,mkdir dkvwynhlgyynaeqsy
47,delete mfgkbsuyqbgftutze.nizf
48,rmdir nkdpjpdzsuqe
49,get fqjspmwulavdoqlkp.rsv
50,put bqtzuogeznwbor.xzbyq
51,mget gluninuawiwesgpaczv.gzfch syagmygcowmohuidha.avd
52,mput jrxujaskpvxxscvy.prfys bnngejyyy.wfzl
53,mkdir sllckr
54,delete rpgcp.qnbub
55,rmdir gvrdguiddbfophuxqf
56,get vumxlptncxjpfbhncc.vxsb
57,put cmjnuiwz.wwvld
58,mget jafrned.ukykk wqxrxdgnzxywbhpp.dvqhs
59,mput dxevdhrzlff.cke iyvkmbjuqelyl.khnlj
60,mkdir xcxmulfruqbmjs
61,delete gbirqtvcsulhypafvm.getws
62,rmdir mugpygmbrtqwvmfd
63,get xazpgmfxguzmzqswhxmd.kwvpl
64,put acbjhylpswfzvldrjs.coog
65,mget qtyazjpuzeq.iyl rmhseiremw.xkvo
66,mput eljfverhf.dzt ldahltviahblnlih.oexy
67,mkdir hcgbbfk
68,delete hqtvsflxcludzcllie.itmtm
69,rmdir pxwvumdlp
70,get kwthcvuqvpowjqzlu.tys
71,put eoczac.rrwha
72,mget nxyyalv.thm kesfdfhyvv.veyn
73,mput civlhzeh.bhrkt vvvupnv.ivuvk
74,mkdir jahsoiyjkoqv
75,delete xvuoujnuzig.ltdb
76,rmdir fewhhjineorotqrluqs
77,get boxzxkbkxmems.ehazk
78,put eqeaa.qnbur
79,mget bemuitiubbcesc.zkj fggktyiizrx.cnxy
80,mput zmlknbxbbtofsts.csx hjjplkgzzseo.ugbzk
81,mkdir qcdpgepdx
82,delete jndvcrbopfjdclxuvw.ytlk
83,rmdir sksyvealjzmoibfhyd
84,get rzdhmeggpftmt.dcra
85,put uyplolja.pmhzm
86,mget shxqgtgafkv.lxw jiwmafvffzoawubcyy.qdnqe
87,mput xqgmbffibzmdmv.fompm xiborpjdb.lubsx
88,mkdir jbtepfjxmlw
89,delete cwdqa.vum
90,rmdir oczjcb
91,get xyuwnweliucnk.ghcls
92,put ywazdutjokfok.eez
93,mget orgaqgrauhyuseqkyixh.kriz yqspjrmbvqpf.zcks
94,mput gdtbkazvylklrgujy.ovw efursawdjxnqaapw.jdk
95,mkdir anxzx
96,delete yxtxcaczgexjkaityil.ffwkj
97,rmdir mryuczookczdblnjt
98,get pbxmthglacsxykwbcj.wjzko
99,put peuebhss.bhzu
100,mget arqzhcajxdfwdofbccr.bdnm ljasmtcyqptr.utjz
101,mput gtjyggckgs.ezljq etvdorsqaglhnm.imk
102,mkdir ymiuohvndfqshh
103,delete zwgvbmursqhhyqqkmph.eospl
104,rmdir zefvvditoafc
105,get ewiagsdftlxgqe.btfib
106,put pfpuykgzyuprhrhh.cal
107,mget kirvjkefiejlarz.vcx wowjmbgcxnvzq.mmo
108,mput ieyokdybhdoo.xfylz iishppvbdahwlht.qaqj
109,mkdir tixxydpnppovrhyq
110,delete famyetskpkwwtkeu.oytjh
111,rmdir vcprz
112,get jvojbamqgmjolzml.beesa
113,put uwdjvhumwdxwjwjpdiz.aao
114,mget bprtidtnmq.aak dxcugmlpaobfzmmygh.lxm
115,mput lknetarfihhkrlbhb.uvee vzoqubqkgsw.hopsb
116,mkdir gnsabwlzgdycie
117,delete zxpwtukf.zgmqy
118,rmdir xjxvjrggbdxsxxilfix
119,get tjfhjfmemifnm.mxnv
120,put roltkaoyfh.uekol
121,mget kccsyxjoxzwgpgcyteth.ewzw zhqtkwdrhchdkuebars.sbxsr
122,mput vyrxucbwzronviq.inzlj befitrppukq.bdsbm
123,mkdir mwqgldexacydj
124,delete gdnoigpzhmvoiia.bzsk
125,rmdir veaywomylwusffe
126,get nyealzxmmtutwvay.paode
127,put hzkrpdy.bxm
128,mget sybfqm.gzf ikancvqdztzzlvl.mhap
129,mput wdolgfp.nztu nlqeezhwyxzordhu.siae
130,mkdir cbkfyeczatguxi
131,delete mxntsmkswuvill.fir
132,rmdir fxxjtmsuhflkvoi
133,get xlxutldwkixfderw.awz
134,put rahlqvkfors.eqhf
135,mget nwdefjucinypphf.wppls mbqcvzdbvoipbwj.osr
136,mput cxbrfihwzkzwt.fugp otwpegim.jpc
137,mkdir szvvgxxyyd
138,delete nnfehqyeopzavdppd.kenkd
139,rmdir waotvfyfqtiethyvuni
140,get gewsguj.tix
141,put bprrbnha.vgzu
142,mget mdohltwtygxdr.olqt kpoxdkwjhtuemo.ruih
143,mput qnvsmpisurqkcphymlif.eohi qkmvjfjmdjzoudav.ahaxf
144,mkdir pkyvfkpizkhe
145,delete lsdrwlcw.vskk
146,rmdir jbnhehtuy
147,get yqqphmrooj.azn
148,put tqjanoc.cqgw
149,mget ltrdg.jsfjw nhtcasxsf.ktk
150,mput jfdcxvfqmbszohmicks.xnwli fqzoqw.bzr
151,mkdir hiapdstgxdq
152,delete osskutzjereyzkht.ohgfe
153,rmdir qjhqybzebavdsck
154,get lacbumdz.xmegt
155,put fnokmhfuqjy.olca
156,mget kedddalvxuuygck.ymyb ibzggio.drdjo
157,mput nvbasbxamu.ykivg kgjwsnm.julx
158,mkdir qbxpicerbzmlwlebb
159,delete jmrioqozjustqaacsglq.umy
160,rmdir cwykolsqui
161,get udjjqsujixeavfksjz.unb
162,put wdjobta.wxy
163,mget zfaqjxuucphacrvpqyxy.doyk jwwhixlijx.plaa
164,mput kebqnuu.wyx pgmnvqk.txvde
165,mkdir yuktlffwoy
166,delete mpvlkaxjp.hcoxe
167,rmdir uvahhrx
168,get itwqbifzbqkyakm.obpj
169,put yxajfgfjtajwgc.irac
170,mget rwrjvcmujl.azcd knavwlfcgz.pzeta
171,mput sviutycg.qxx ollqrbqwyrwhgilfzn.jdyf
172,mkdir ehcolc
173,delete babuvwxvoo.cqw
174,rmdir ivdoeypimptx
175,get gcgiawtupntzpgdb.hgvk
176,put xdllkkfmpqftq.qbgt
177,mget pariu.xpmoy yhjvoccvvueglbaqq.takwp
178,mput kcthwosdevq.tpqd ookgbq.wql
179,mkdir eyrqw
180,delete ychdeulm.onmu
181,rmdir nxhvqsrgjslewybdz
182,get bymdu.ybut
183,put xujjzwohgriho.uzkz
184,mget ojarecejpjvmqre.revh evpexrrvis.kwfko
185,mput cvdsslrhyldcpfcywztj.jfyiu goacyhr.qirv
186,mkdir uxecrigvmmmhh
187,delete xwnlylhqgynusfvm.bshcr
188,rmdir rchvodiffnhyfslmx
189,get babztktg.cvux
190,put hwygmtt.ooq
191,mget dgmcajblexfcqcybtfpp.tgxft zlhiatoszkviemtgxqr.xhaaa
192,mput iorpvttsjflw.rik mdyneywpvbao.grg
193,mkdir ssxhiihdlqunk
194,delete elmzuvnjleytqd.evwnv
195,rmdir kuncjkbsh
196,get aharyxnmyvvzwm.zks
197,put hlcxthygtncx.atcgj
198,mget pkabzvkgtisigkxzqs.trq dzowcughizi.shf
199,mput aaxtasfyhoinpzpclr.bsti kmwmeklhzhveysotjdxi.qdi
200,mkdir zrsuxwhbbin
201,delete wxjubrgxnotazqlw.xqo
202,rmdir xlqdfphewlvwpjs
203,get caecxec.amgv
204,put kupri.eph
205,mget eyuheczonimu.pugmj vkvmuv.ferg
206,mput fixxjkrhqeiuzslhina.kuxmh poehbrzeembquhoxmcsw.mha
207,mkdir grnprauqmftxmwz
208,delete rlxjpoqpxeyabum.dqacp
209,rmdir bmegbepqdtjnjpr
210,get brnqbxzj.ovyl
211,put wnuaeabbxeadbyv.xls
212,mget oyxdk.snnhw izudytlkqjyokfpeg.bcile
213,mput lyihajsiof.zxy kvtxwl.yol
214,mkdir lbcmotwxfdtb
215,delete zajxhsnqssycoefxq.ynjq
216,rmdir rwpkuqsbavpnernm
217,get ikahpjlprl.aunhn
218,put wnvuyd.yly
219,mget xmqdm.von sgmtxcuxhkdpzq.eafgd
220,mput uwgulmmfbdykkxoniq.tgjp aratejkndspvol.fennx
221,mkdir gbrymfybtblydlwumts
222,delete fwstdhxgkd.ewi
223,rmdir bhxavzbtv
224,get teenjcjhusyotr.mmi
225,put afyhtwpvshovz.cdxzq
226,mget lecpeeiyjqqrewyotcuh.fxgi jbcwc.jvwd
227,mput ziniwcaf.zmekh ozwglhsqvezdatjshjn.are
228,mkdir wlsclkgjcfkywwmmcy
229,delete joulgullylmvwsy.qkxn
230,rmdir nqdzxqma
231,get bwfjvk.awa
232,put ykxewbwsriqb.fsis
233,mget ctwzsqmxiamb.clp vbwrnqo.lhklg
234,mput hqsjksprktcv.owjrz ivriodhbfxyyhg.cjjq
235,mkdir mmfsomtr
236,delete sstxvijzzdsjwbwkvo.jgbpw
237,rmdir ucmwuacgmcw
238,get mfhzeoxzxzaur.devbi
239,put adnexxbkuydtuvi.wem
240,mget hdbkywwbnec.yrgo npkrjywzinrmyu.ycoh
241,mput tyxidumakbrjsyp.fqe wjtfhnwnaqidofzfcgbt.ssvql
242,mkdir ulbxwsjmbowp
243,delete tjgvtnnzapuui.tyh
244,rmdir ecoszogemq
245,get eowxlzl.rdubp
246,put laqisjriv.vdc
247,mget hhdijew.knrt conekzuvsabuxfojfgh.bclp
248,mput hhsrdtdhvmrqta.khmhq dqnvw.olye
249,mkdir asbszehqtuupmvzajxqk
250,delete kxqejyiiqkezosdd.nhl
251,rmdir iilhiohpzykhogfrdky
252,get fkgxznnjbeegtbxarb.tvyi
253,put ofmyzhaktgk.nayyc
254,mget onplicasge.hirzk rdxygseulmtaul.lak
255,mput rjdcwo.jrqb dzmncifkdgifcyoqu.geeu
256,mkdir pvaxngjfbkq
257,delete uvvytbrcj.bwfkp
258,rmdir uysnvjefrbywx
259,get bwmyrhowqbpcrkd.ddxsv
260,put melcighcztsumozomt.dwwc
261,mget efstxlaa.lyjv kreakwpujtzaqoiix.awz
262,mput ucrefrvsojpummblttr.imfbr oqczgxa.somrf
263,mkdir cdgqu
264,delete krqtnsjsfirdtq.duew
265,rmdir jzqaciizirz
266,get owswdlkkxaxybkgzuy.wcyrd
267,put asbfzovxthhcrmc.stwh
268,mget murtqufoa.czbje yjxfiootfsuafmxnddf.vlt
269,mput mswrfaebeeusyt.fmoo rqtumpbceffmlzznc.ujpd
270,mkdir yzzxkjvk
271,delete dmapwksflwmkoggk.ewqay
272,rmdir cskdheeybslu
273,get vbjwflwwkixczkl.ebo
274,put fmkpmwkbcvqkcgz.nqvhh
275,mget daommshldyxwuwku.tipbv fxvipuy.scwf
276,mput dpeulkqutrxmahbteefw.ghn ngbbgciobftwnzhf.arjse
277,mkdir vsdumdgsxvs
278,delete jtaejqxndhnoqt.xaqx
279,rmdir meefcmdejmegih
280,get luggmntfraplcrmwqkm.rdci
281,put iyhmn.rzopg
282,mget ixedflepywd.njobv qjlrqlfwjqydltzecxr.nxxft
283,mput dnnfjqwledukuziup.csc inaljdutw.khop
284,mkdir rajeosdgibogsfnp
285,delete lfpelqikuqvhhhouw.mvgq
286,rmdir lyyoplpmked
287,get ncldoblwkbthmuknykub.oydy
288,put brceowgguvlyiqa.cfmh
289,mget knsizvhpmpdkfnzhb.ofvul gwclazeenyylddx.cqhfm
290,mput bswfbqwgcreqprggvd.cdif lbunluwzzgyqt.abr
291,mkdir qxvaqewugmdgbhevvtfh
292,delete fdzqrsfhbnrfmlsjabk.vao
293,rmdir eipfqiplvruof
294,get qgrkokbup.ufr
295,put acnpsdxo.puwbv
296,mget gjjsqyi.neq jawhpa.sxtvc
297,mput hmazbucazqw.exfqj hhzxfkxakqkusyik.gchrt
298,mkdir hpbhz
299,delete flewhrkhomqkipz.dfg
300,rmdir gpxtrxesoqzg
301,get snczvoftrijhdmbrr.sbppg
302,put saaemt.khgt
303,mget kmvnbnhnrini.mrdlm egcrpqb.mwtg
304,mput acucfumwtwqnxf.ggv brvjyhi.qqwr
305,mkdir eczikibyia
306,delete cwrkmsvpmpgedgx.ltv
307,rmdir ujwgqdhunlpk
308,get rohbncztxelszwzrjwj.urrc
309,put nieunzywrhfvshkyp.ltj
310,mget qqvmmggpwlvddsgt.awsb agpickuqjfulh.gabh
311,mput oagzmumnqcqbigle.kukb vmyfbxlxsrsz.xpafg
312,mkdir rqiunlhfvb
313,delete vxunadncxravbynkhgt.hal
314,rmdir udgbzwsqukiuhkut
315,get gqztwrv.mero
316,put ptocrdyewyspmcwkauqg.lhp
317,mget icuuyh.nuk iykunlivbwayapt.bdki
318,mput sjmufmipbmslfytfz.oangr ygsbh.assg
319,mkdir ezgzrzdxgk
320,delete kvzpiozzylrayzcqf.kej
321,rmdir luantipenjnr
322,get jnqxnjdqgqqpjndey.cdzm
323,put ojvmszrr.uqb
324,mget irooarauilf.xpz ckbgnwoxmzpcujfuqfe.lkij
325,mput tsrjttflek.kww swbdmofaydqoqzbxun.jppdp
326,mkdir qytxumk
327,delete ccdldljau.lfd
328,rmdir zsdooxhhzkkpqkhsd
329,get wijhjsws.wmfh
330,put ltnusddmjfdoxottbnm.zljs
331,mget eabzhfjc.kti atxtpljeknjfwj.hbj
332,mput qsvgyodupnkoqagmjsm.nskgr pqeelvqz.zzsjn
333,mkdir qjiejxewwsv
334,delete sciujhslyumroonnu.syky
335,rmdir gobqqilmejmzefdcjbdf
336,get xykxwqbnnlipoivzykej.ivhz
337,put ogochizyapdcgydd.ahgy
338,mget uudbifnwzoibioqdi.uelb cxmdcfi.gbp
339,mput rtrzkmdiq.vody lmvthzdkqqiiqrak.lpvqi
340,mkdir cpmibitmlw
341,delete wxdxkgyhqknze.bmgs
342,rmdir gnnlxjhrxantiiwh
343,get srtkgvhpirjs.qllz
344,put cazmsnsevaozqw.uuwk
345,mget mlsvsjttm.dzj azddedkxpqpdg.vbwga
346,mput uezsv.zmsnb uatjifsdwex.zcro
347,mkdir azokt
348,delete wxckz.qnwnz
349,rmdir wemngqccbrkkgy
350,get drmbh.dond
351,put ukhqbidsqodfsqfy.mdn
352,mget afvcxxokpnwyk.ywbfw kotyzohzrjzfkz.kke
353,mput umkgbygmzyuowhgr.irz uefjonqdokgplbpj.qru
354,mkdir nxcbvxml
355,delete lsyowcftxvi.koa
356,rmdir tibiqapbnkm
357,get djihgnxpegyurnh.iesc
358,put danwgmywwc.pvxb
359,mget sajdnfmdndte.ypeyf ldetuliqobk.opdr
360,mput cvzoetkirycypspepfsd.bxcz zshvixwttrghxda.czict
361,mkdir isvonwzzotwfzdbdzkfw
362,delete acgwro.rgsoq
363,rmdir lwamstdonjm
364,get xgyomfjzzjs.kqtap
365,put sftnogpe.pbulh
366,mget qztzfnnfwgaucg.qcytt amcqcdcaptxbrbibaxj.owfcw
367,mput ilkshcsfatdrfwgldtql.xmm rqigvrgxuninhd.dom
368,mkdir ejemibxwhb
369,delete kwolxhig.hjeja
370,rmdir otzptshboexwg
371,get lsqbr.rbri
372,put jbnhtnfoc.hbh
373,mget mlzwlszpweeinc.lpulx ilpjiucknllzllbl.uqna
374,mput kcjmlnuwbdslrakg.usg urfhqgrct.zlogz
375,mkdir itykgte
376,delete ttwrfcficaoiq.oowrx
377,rmdir dtkwijsviwnrehwqhnh
378,get ieguz.upgwk
379,put yhxxbegupjrovfmhsf.nwhx
380,mget baktskw.yykdl deweha.tzj
381,mput mwvjwlupt.rrkzv hcypupnlo.ebkoz
382,mkdir bbbpjkpqgelqhfok
383,delete fohrr.hdpkv
384,rmdir hifpaeydoofcstjprb
385,get waxvb.zwmqo
386,put hpkmasgcn.cluts
387,mget ftygh.dvd rwevukmukvtwchqg.ghrr
388,mput okreojoblneqshvmotz.jez zuzaqnxqn.bihyl
389,mkdir fzdmfaivmtdglmidro
390,delete fpkxk.lins
391,rmdir zximczwpspqyqafcud
392,get aehaqin.hhwh
393,put lmxkblbnuscjze.buse
394,mget wghikcwwsmfvphfrk.mjvkd zntugy.bggn
395,mput uevnxxorkz.quwra hjwoj.qtwt
396,mkdir dawyzvlymo
397,delete jyvywwgy.cqy
398,rmdir jufcqdyw
399,get jbnmsdjtmnxjnsaoypdi.lzyfj
400,put flskqsrcc.lcqxe
401,mget fhcfn.hodhm rzrjnnyzllfpqyrm.dfzpw
402,mput jubbimubqc.flvt fbtawwipckhzgt.zjpl
403,mkdir jtxtrutuwzhfqcppd
404,delete fwnkxz.mfo
405,rmdir eyymetwhjqzblndnwy
406,get dowymrnqfp.bzqje
407,put jbzxrjakoqfbj.zoyo
408,mget vejug.qnpwp mbbjhqwlostjzrmnhgo.pht
409,mput llnvimd.cnejg koxgnajlkixzxqnnbrkx.tkix
410,mkdir znqxetkycf
411,delete jcvzhepyy.mfx
412,rmdir nhqkngqexuidl
413,get cavxgvohqdrmrjcokca.vgapz
414,put xhhkwvkz.lum
415,mget jqoxwogkhlbcnyqti.izu njpjivcjysqmalucze.prgkl
416,mput hpwuktk.zfpob vmdxkw.vyxre
417,mkdir rweidpmuxipg
418,delete jytkhadj.pvp
419,rmdir omihlxpk
420,get dhnqcsodrzaycqqxijc.bbyoh
421,put emaxbxk.mbgfl
422,mget npbunuxabetwfssm.roqnx pruftpfkgkecbtnndt.nihgd
423,mput xoneecyqkaruqp.sgio yvyfyihagtuwrv.mixfo
424,mkdir wwtamovjf
425,delete cbvbcgzjm.tgisz
426,rmdir hrhye
427,get pguxljesde.szrlx
428,put uvmiuafer.wbmf
429,mget lyyrmedosl.fnrs qfaqhpykyvxrfhsl.cez
430,mput mswutjpouwfzt.nyal jdjxvstnecpglgz.wkg
431,mkdir nfrnofccc
432,delete fpfma.eavnv
433,rmdir ttztjdgtky
434,get pvcdngeytjqlj.lumb
435,put qbxjcesmoytsz.deuso
436,mget snxutlvmln.dfcpu xjjiy.yiwp
437,mput dlemlnoekssqdbh.vnzf mvdycvazlkd.car
438,mkdir mvdnocbiwrpwkyeaqcz
439,delete ysptwfkfjhrce.nos
440,rmdir tdwnjifpxglsmnrrfau
441,get wlrgyrf.zfu
442,put krugbjfxgjqdy.zngf
443,mget gprdztopk.dutue ipznjjautlujxtfmg.yym
444,mput rcblutpfwzxgc.danzu nbkwh.ticv
445,mkdir kextpuoys
446,delete tcylkw.ciakk
447,rmdir jfshyav
448,get sgyxtzyq.snrg
449,put dkpicwqlv.lfrr
450,mget hxvubmqvbomuxolvfba.sndo xxqycoxh.rhg
451,mput mmsvrdjaxvffmamx.xkp metkk.qsgdm
452,mkdir vnfabcgubmrbcvvithep
453,delete cidkusqld.gba
454,rmdir jlyomwmpbuxtoxvmdar
455,get nfyxlbejyg.ivoce
456,put fdhwgttjjapby.cwph
457,mget acmulsemcjytrqvjw.ccrr wdqixhwr.cyvnk
458,mput akxvgcmtjhcthu.ecfn ugoesfhusyfnfojhl.gyb
459,mkdir nbkrgrhjsbuhjabgtdp
460,delete coscuikro.dcgjv
461,rmdir hpfntprktlmdu
462,get nngaknoxhcwwa.yqa
463,put omdmzuml.riqq
464,mget qdejpmobhdwvkoakereh.gpsuu stycpeqhk.qjp
465,mput hgpxqwktlxpfypgt.kprg swvllddubtbzj.nadho
466,mkdir prkfstfejqoybyshldu
467,delete jrwaojzwgzkdurlprc.bnoa
468,rmdir wjgtziczqdyjrf
469,get oketjarakf.lyp
470,put tqegcdwkrvctanoeva.qkj
471,mget ycfcaagnownndbwdvmfq.lvvcw mtneead.hazq
472,mput vxgfyarufpjwpf.xlhc yrtuthkkdnlfxsd.saoyv
473,mkdir sofdfiwddec
474,delete djdzpzfyksojgkyrq.zepvw
475,rmdir pboyk
476,get yxcgnthyzzcyfgvv.qiadz
477,put lslyzknixmaunq.vdof
478,mget glriziulahklxg.fgmcu rrxlnsqposlitu.khntz
479,mput ogisulfyellgehvio.owyw kintlngwkcsg.sxhl
480,mkdir dzlosvcvxmypvm
481,delete hbgokyu.wwvg
482,rmdir cvczptenthl
483,get qapmkjptf.gfpn
484,put funvgaguc.oxwaj
485,mget ocugyro.yhdwo hqjjokj.gwvda
486,mput oxjqfsawtfevrc.cdw xpeutwbfmui.lhad
487,mkdir wcszowcfnvmtjovotqiq
488,delete pytndmzmwnpftgwx.key
489,rmdir loyteoynlncoz
490,get vjggvqcfkhxspiopiqwt.ocxg
491,put trrembvttkejoehjudc.lru
492,mget vivxo.kzani dvehphaiuuegkzan.uyhz
493,mput mdxbquuguotjcu.vpi awkiwyokqfldijvowb.ylqw
494,mkdir zsvcjgrqlemyrlh
495,delete bfdmpxlpidkpjcqkkuod.dlmi
496,rmdir kqjfklmljo
497,get nytdwzicziv.qsue
498,put umngiiqnvmfrnzvgwyh.hnoh
499,mget qwiizk.ujgmg yqnxmhsivfrivcyrby.qkt
500,mput emaxtgyblkxtxgsyph.honz mqvefgxvw.khtm
501,mkdir vhsuqgqj
502,delete hgdzhhnexmwutbplrow.gwu
503,rmdir eegbrbbcighyo
504,get eblgsmcphdywwdfaaaqx.bkwrq
505,put uahgfh.ekjui
506,mget bvdeaekdbugpg.lpfa eheegzqmbhrch.xci
507,mput aygeninknynabbckjk.vdpxu wkuxqazgyjtcu.alh
508,mkdir vdejdthcdk
509,delete jyqqrrdfewl.yzs
510,rmdir iltxakllrh
511,get qdwrl.tja
512,put vniosb.kusr
513,mget kjaxhrjne.vhfo hzyndpyjelovehv.ofq
514,mput qcdwvibxdjtcwzqduy.sfit pscujbpujkjltl.sfa
515,mkdir mwfsa
516,delete iiyvmlbu.sccd
517,rmdir fykuokswxsajfyjgubus
518,get vkrhhlyqmdogewxyk.bsjt
519,put psxdhhgxhlzkrf.mlzu
520,mget aapwwyppicqsuya.fequd ivcof.ung
521,mput rctzmxtherh.sywqj wimiqhxpizrhrcaxidu.dkgv
522,mkdir dxwswfuhaprjfahcq
523,delete adklryuttn.eflx
524,rmdir dkjvfpiiwvowrtcpnhz
525,get dtaaqvgmgusnj.tvy
526,put goqtqcjyeamdm.jlbij
527,mget piwyjrutfcizfxwhsdx.tcx fymxxd.qacke
528,mput tvrug.erokc yiulonfqcdlz.ojthv
529,mkdir uffxqgk
530,delete smovfaidrqpslzgmt.owotv
531,rmdir lirbasiszlwfzghr
532,get vmkmlntpfvu.dam
533,put qyhllzghnwcamruj.bwfmg
534,mget qavdpabymseyp.hgnk zfifdppdgvjxlrsso.wrqgo
535,mput fzedaujliwqgkkkzdvzw.slhn wzusyhcrylbhf.yig
536,mkdir srazknhmgpenybmanob
537,delete vcwwurxbctcrlw.tjji
538,rmdir pkxnfyuvrpubqqtg
539,get iopcg.atdts
540,put pjwvlumbkwuqgx.rrc
541,mget prygclqlhaigklzs.dygi mdcod.vngcl
542,mput kbktpg.hafg zgnaxtbjbebza.ugqql
543,mkdir lqblritug
544,delete hclmus.waet
545,rmdir hyblgkoyoblhhh
546,get wcgbsolihkolhmucoabo.nwci
547,put tprywyedhg.rpa
548,mget nhanhrdxe.jbupv lfpqnf.sbf
549,mput smjjazq.xcr dmdkhczrgsnisqwtyfu.wkg
550,mkdir uhierpeaqqum
551,delete zblppyvikap.uqvo
552,rmdir baoxrwtmwrbymp
553,get bzqujbwklgirqszvylyg.goll
554,put djfrrmbv.rdbh
555,mget wpelqxrkgujbbwpph.lhpj gljzpmse.pfwg
556,mput lcxcanhvn.fpg cqvlafdlpeojiohrbcy.svml
557,mkdir iokokxsgwixqwgnop
558,delete nemssvnucayynjfphgib.zlpbf
559,rmdir adzkhqtxvlsu
560,get otupzfxytqaggq.ephjt
561,put rsfjc.bhoe
562,mget nqpbihka.czl hrydbvhkqjgxzztq.syh
563,mput vcoaqnq.yljdh djguethfwf.erco
564,mkdir ocrquib
565,delete ylshlnuwhwwz.trwg
566,rmdir kelydejfecrywzdsfqpt
567,get zaqstpshwjdnkxnvkgn.mohyd
568,put hevexppvqmxg.zzyc
569,mget xgguuwwqpxnlof.shj fxjuhxfmcp.dyat
570,mput tuvsmffggnzkbgdgeqhq.vvjha wjbhjygahsgarkcooo.jzw
571,mkdir wtbrp
572,delete wqgmzozbjfgzjh.tfm
573,rmdir dmhrahavvi
574,get mxppkabpajnrusga.qtquu
575,put ijmjebrsatomdsyxs.totw
576,mget khiflwecqiex.ljqrt badbxrr.llxf
577,mput khbyzbignxkg.tkit ptklqbcztdvikdmecwhk.esu
578,mkdir oujhooqzujsllwkvqzej
579,delete qmqsjkxslbzm.puyex
580,rmdir rvimezsngdy
581,get mrjkjeyie.ctejh
582,put bwhsxhxtqnf.iqogr
583,mget qfivndum.svf msqylujbqgpsvjmxs.oqx
584,mput odqbuavugrzsiayggi.cxsge qrmdblmy.zyoz
585,mkdir fylqivqpkmmkff
586,delete imdactkktqtl.inr
587,rmdir cvlsh
588,get unexmeqxnjeagk.tnqeg
589,put wpjdiuvfkbgxinnpkn.mjat
590,mget aedhuayhtfehdhqmyuq.vvfic clbswuaea.ndu
591,mput lsfgu.wvtq zllwncbfxoebu.hhbr
592,mkdir jdqjttcbjw
593,delete jhsadruoyutzl.jrtb
594,rmdir ktcztbmoqmdcufyglzzq
595,get rlppiamipavtjm.xlhij
596,put yhcaszrsaxs.dbfa
597,mget ljubioertohh.mnv ckbsjoucut.ezpe
598,mput crzrqteddvnzv.zmxv hankruhomjucyuxqogg.vxs
599,mkdir jkvvxdwcdpkwvhmxjm
600,delete jykbmloj.vzv
601,rmdir ntvtrccvhb
602,get npjdmtusaezpfz.hws
603,put inqataaj.rwjir
604,mget omjoctvcmx.csfwq sgqplalyhdrmcz.uihbj
605,mput pesmangnwou.kio zvjwga.paq
606,mkdir atfrwtvtwe
607,delete cwbeknimzpeh.ojat
608,rmdir jcefnxgzdmrjv
609,get unaccpz.bms
610,put uxxlzblyignywvy.fgez
611,mget icxmfhovtbmyef.xqh tfptjqg.dmw
612,mput qabkrlmxbaxg.tyovj duwsfypboob.knvbq
613,mkdir fiuqj
614,delete jwdsdfchewaxsmwyex.sonzb
615,rmdir yaerlxvmycxz
616,get zlcrkccvzsoahvxglf.kgj
617,put lihnkigscc.wnvki
618,mget uojbucddsbb.wemsu odzrnkdhtrwxh.estck
619,mput msdmzheu.rjf hullzsnq.ymogt
620,mkdir qerbuozyjsrjltnuov
621,delete rmmbcspus.rglh
622,rmdir fwxraggmdi
623,get ocovkeqjawevyfw.rdklp
624,put ugpxt.hmb
625,mget dasffphxtrayp.zdwuk vlvqxhc.zzyd
626,mput wvfsxpu.lsl uzgtlzhtmfjth.jdz
627,mkdir pnzombgzpf
628,delete mgkqalmuwncrvsq.fdnnh
629,rmdir isbfdt
630,get udtcvwduxfaas.vcxl
631,put gwjiynahvvs.mhs
632,mget lndlnnmheiqjmmycvl.iozj bslwx.zyqc
633,mput shubiftioyapkvskmk.wmsn gidkkjvqmztkv.tjno
634,mkdir bfwwqufbvej
635,delete kpyrz.taab
636,rmdir dobgfdpawfyhdwkuugjb
637,get dfdddfldcvadcsrxi.bko
638,put ggtaadesqu.xkged
639,mget agwjaib.kbw vehkwuzmb.ylebi
640,mput nyngsxqngecoqyv.flh qfzfvq.yglx
641,mkdir oztuqaklmnfjmbsw
642,delete vmssc.biot
643,rmdir iewrhenkydncy
644,get tjhve.pim
645,put jtfbasflewuhddjewhsr.afr
646,mget lmktcodftrundiia.jao icdcleqi.ajb
647,mput iulncfvrdsq.kke hhcxooyobcrilp.ejhsc
648,mkdir tiigpcx
649,delete pdjgqvjtaoyhyvyjaml.tbs
650,rmdir qcmoxkmq
651,get calppz.uufi
652,put fuuvdznuoaunotvzyqj.njc
653,mget ioihhcabkizbo.usbyj hzdpj.eidtq
654,mput dnixwzsuzxqhrza.ehn tlwcelihejiw.tssev
655,mkdir ikxxgqvnyuae
656,delete hcwfmhnbcgkdvqkeib.jni
657,rmdir qbmxykqrecis
658,get lhokqnpvqjel.vnzt
659,put sdwtutem.lvfi
660,mget cckrkky.cwyhk zeggfayusrhwkl.cors
661,mput wlwpdnfcsok.mmz sdwvslrvy.emma
662,mkdir lyhsuhztacwl
663,delete aqochrxs.gsppv
664,rmdir aijeryovhohzd
665,get gidybumkcykx.mozyc
666,put gtktwsnqkwve.pwvqp
667,mget lkisycjtbx.vgwh kzmhxmtnrq.bljfa
668,mput eqagievh.zlytn wdpaomrjtceeprpmakc.ouvvh
669,mkdir toqyx
670,delete qaiwvqhib.cys
671,rmdir arjjkqrbhelhgguxml
672,get kzeajx.upga
673,put msbdirycxbrfkddd.kbf
674,mget xakoihruvao.wekp yjmhzqtuiousx.wam
675,mput asxwlrxnlrgppukvumdw.kbk mnbioxoejbbiumt.ztwa
676,mkdir tsluoeilkrkuhcf
677,delete vmifdj.adwy
678,rmdir xyelqpbdxbb
679,get fguqlnmbdsygcag.nyxh
680,put xsumztyfxqstpdiujzsr.jwo
681,mget wccexr.zon ywlrgr.ghjxf
682,mput zgysgwxfdnsgj.mwf tjyxbbmzqjupysquqpi.fwp
683,mkdir bhktaaxhxhpl
684,delete dmrgoztgbvgrp.mhr
685,rmdir uspxgdqgbghp
686,get ldwtjffcwqqqng.ecv
687,put nxqxismwomhvq.jztm
688,mget oqqrn.iors rxmjpuryiryklotdvw.algtn
689,mput uxqwkioitkgbsufqu.eis wubvluwos.rjnd
690,mkdir cyefsmyohnqctrr
691,delete fayfld.vztq
692,rmdir zlrudhiuj
693,get pazbsasvt.zll
694,put vtjnlllcwilsfhdbr.hhnr
695,mget crqijkew.qdh iztscubvhhhsqi.fpxjy
696,mput nxmjleds.muwm wxuntxznriwoyienpypp.ufeql
697,mkdir pcazfugmnmf
698,delete vhpfzziyaawip.xhnb
699,rmdir gxtsqlgfin
700,get prkalhwekphuernqam.yuhi
701,put pqkhkkvkmzsaxgaybenu.bca
702,mget vkblhtbsu.aykld ktgswulfumgfxhn.ogi
703,mput pntnzwxcbjhcusbxafkp.zuwz xrpzviigoahgq.jtlr
704,mkdir txlwanypksugpyphbxa
705,delete bwosdjigvxezajuun.xaix
706,rmdir nuinohhhhzrd
707,get twtbyubqo.sawg
708,put tkgnnmtgjfufivx.iecxk
709,mget qtfpanjiyirxb.fdl hvsogrtnboznp.rnw
710,mput ffiizzdfl.gscu gnzwtlgsczdgvdqwrsj.jhkz
711,mkdir hzzzpjqslu
712,delete ispakmrbehsgjdlyrv.emjqn
713,rmdir grawnvqgwcfzjijoiqe
714,get idaslgriitdvmoy.mqe
715,put xmdwpjtyw.wete
716,mget xvffk.zlhks trkyncq.ldqo
717,mput cemqacicf.rulvo jepxqjlcszwfokfnpjym.imh
718,mkdir mhpxkvds
719,delete aunzbmtujgxs.mtuep
720,rmdir usbwcjrxwnjkjgycjz
721,get rdjsomscsjwktton.onc
722,put zytgmjq.hqwu
723,mget yksrfautfachh.afz qdeqxxtgmtstz.qjjc
724,mput zsvhfyzruezy.rdhmr wptalckkonujokvkkv.vyqq
725,mkdir dqpwrm
726,delete yhsfllbbxeebxzi.lrqu
727,rmdir rjicyvhaqvhkctnvkph
728,get jalmeawdlatsyjanvmg.rnr
729,put iseleiwdewt.kvxe
730,mget wydlkik.btpdb nnygxhvf.cqdlf
731,mput vrnltvpcxsljzgoyvi.nvx oedameigsooppensclhv.gzs
732,mkdir fscgegnhfm
733,delete towxggzxwkocee.vfrhn
734,rmdir ryycgakvktquduzzkn
735,get lugewmzmpojnmeqcyw.sno
736,put roojydtqmemap.qkm
737,mget jifxpyi.obil tfuosjoqn.jppq
738,mput ctqlxmkmgkldxzbhkx.fdyq cbrrrhtneanyhoqin.yvmm
739,mkdir tneajfekno
740,delete jppddm.pcuur
741,rmdir ehtkdnzhveeewqqqx
742,get eehuhbh.mst
743,put jstytpqb.uorsp
744,mget ixvqqkt.pdxun mrjegcyzsyif.ryznr
745,mput cmupegznxkjnr.qxabu lxzvegzqmkpdfkndtfsw.fisor
746,mkdir oxseacsrpasrrkcpejc
747,delete aoxpol.wikt
748,rmdir ybrgopbutlmt
749,get zfoshtcadhoex.tknf
750,put ftmfmdnbfbjknpmcrco.zny
751,mget dyqjdrguowilx.yxtd tuzsataawjed.qxzg
752,mput vkefmtrxsikepz.ojg pdasaddha.doy
753,mkdir vlenimajxmoruoklocaw
754,delete mghwaa.qygpz
755,rmdir uxsgwkjds
756,get dczrcqmlf.cqyir
757,put rdkwjgewhuc.uipvh
758,mget rzfmoaqzzsihnzoib.hek lykcbujh.bqgr
759,mput ltzjgummajrpay.zzzi tabyvelqhsk.lpk
760,mkdir ggvwoeuojyc
761,delete uowuevrhzzoqgnmppl.ftn
762,rmdir cfqdygzlal
763,get rjjxp.edjem
764,put arluunha.gpv
765,mget xdvyoiv.uqnwg ibdklthj.aabal
766,mput vepfzugzszps.ngyjb gwnmgjoijfofh.wvwca
767,mkdir wqauf
768,delete nhjjecd.naw
769,rmdir kbuyzsauofuhcara
770,get tuzavm.sxg
771,put eatutxhgp.hephb
772,mget unaojmpjhbpqdhfm.tpx naybwrjkp.amqz
773,mput zrafzppsufl.lmmvx dyeqxyguuovdqliste.yfh
774,mkdir dlpyzzavncczbfa
775,delete tvrjsqnhaqshbme.mddpz
776,rmdir qjkewmcgltkb
777,get ldpbqvcclcfkjlwztchl.cli
778,put lxojz.edw
779,mget lvoypsxiyut.sml ccvnywf.cevhr
780,mput ajpsaotv.scph bwfexgaxon.aclf
781,mkdir ebjbjnldd
782,delete cvfjfyufuxmlr.bcx
783,rmdir zktkdfvvnwfnirta
784,get bwjzxnmxjcbtiyxkadgr.xpml
785,put hpntfvewjzju.yry
786,mget wmfpqpupfldrr.foajy wjimqntvtumizdp.sbx
787,mput dbxoinvb.rffmu eupmxikigkgfdkb.qelwh
788,mkdir petgg
789,delete zdzasmonsdyfuqtldfl.laqs
790,rmdir wfrledgstlzbl
791,get znszhmzyj.uive
792,put oenzpdadqjinwxnwhugj.xmsmb
793,mget qhaklm.jhejw vhwup.ztwy
794,mput wtfzdcdxipelw.ktamz zxlxdnmtnzyeefuz.nzsj
795,mkdir anscysjvodbwmslpaly
796,delete hkndftvokjztujb.kpx
797,rmdir zdczena
798,get kkymrsnl.vehrl
799,put ccbjkzmzrg.eewrx
800,mget mrqnmdttblllzvtjutmf.ied luwpgl.nlm
801,mput tbobdsnlkitlh.eyv waarhpdrmegmfu.zty
802,mkdir epdjiq
803,delete pqrmxusnoeyuxlizgg.mva
804,rmdir ghcyrzpw
805,get zaekuyzpwpbpdgdu.ecrxo
806,put dzrgnnsfnvtbjusepqug.caj
807,mget ueskjb.mwy yfesvinxbbjstidnqf.dxni
808,mput kmdqtdluuzre.fvchh ibjrhrj.qvwre
809,mkdir oxkbbyt
810,delete hivnszauckzyw.yzj
811,rmdir fxdryrey
812,get syxmqsqdrx.iqa
813,put heybxyhayww.iykw
814,mget hhqvtnwpsmdpwgxv.jjnk xefainhpokm.rhj
815,mput awimfxtkjohl.ywswd gxvtt.oflg
816,mkdir rfovtmzensqohap
817,delete qandqxxhgfnkhn.ilycb
818,rmdir mzlkndgsmnupdvs
819,get yyfsxczhs.ywo
820,put okrnrzpdpqjub.zfri
821,mget cpzmd.raq fpzolyv.hdna
822,mput zocctjkfyvju.dgb cqffpgimcpmxja.trpeq
823,mkdir bnhwxnsnq
824,delete lflycdoejhc.zceb
825,rmdir xfwjbcfkvafiviti
826,get pjvjqmyfzfgpa.ximh
827,put avqrjvvguemnm.quihw
828,mget vusktwfpcy.nkd evusmpivpdg.lie
829,mput hphkuicblchvq.hmhu zyrbcdywnxedmwmnt.soct
830,mkdir jgxebts
831,delete eauod.etnp
832,rmdir rnemjyjwv
833,get mprhzekrr.vvnha
834,put buadwbucptp.klan
835,mget hdatnganqpwjbtoel.lnlz adhifkrnnxumvexwko.pdk
836,mput ntuafrppm.dzcer mpvpujy.rhg
837,mkdir pyiygpzogmfvurusav
838,delete wqpuq.whrg
839,rmdir xqtrgpmvvfzomjdfytic
840,get tqyogyiepctuncoto.gwfbi
841,put dqochyyerputu.vlmeo
842,mget ubzswyhwc.rnoow udnlwqpzfswppybygd.vdsnr
843,mput fmcxsggmjctgcdlopu.rpsm tqooxdgsvajl.jnx
844,mkdir mmqsbgxddrvthdpgnvl
845,delete pzggmlvhzxxtkccixg.cjv
846,rmdir ldtsxgnct
847,get ecttrbvq.jsen
848,put qfhvbynkxbjyzojl.circ
849,mget vziqdwsfiraeqqk.tqhrl kmpempsemoydrjsxbw.muslw
850,mput gjvubrbnvmrffoxoqhk.dps wfnqrqmn.akuz
851,mkdir bhcnoshbmgabvxaksp
852,delete ninsrh.qvv
853,rmdir azjwbmybflzahcsy
854,get qwadeyzbvt.zvy
855,put xqiugh.nut
856,mget qadxiq.kxken xujxgqxxmtyrpis.zgbof
857,mput jamqyzpxpqu.aaez mtsgihcfohcybfrpl.prxs
858,mkdir zpszzyihtaevnzwfr
859,delete vqugczdnmhgmgm.cxomp
860,rmdir mspgzvnkbmmfdtvrqcfw
861,get pflpspfujlf.fljt
862,put jlibzipmejkbigmb.gkqke
863,mget mdozydnsmakcsmpwhabc.hpcq dcinv.dpl
864,mput czgcvxhmjozxsin.xskk sxpknxcmyo.xnf
865,mkdir rnmxjwzbcxmzkemu
866,delete tcqdnvhcvxpdhjojnlk.yltw
867,rmdir uzwvaagbrqzznrqyatp
868,get jsvfontnog.pjaz
869,put lgphwxfqdbv.fhigu
870,mget jyyyx.mynp rhhcknlqon.oxl
871,mput hibxyvqq.rshsz odiluwmmyyd.nqk
872,mkdir tuntoqiewjltvpkt
873,delete gstadoqamfsvmemty.dhgk
874,rmdir pvgxpubkhhflmojrc
875,get arzuxchamws.huc
876,put dqaazubmoyrxxhpiaqeu.nyuon
877,mget tfvyhooly.uijkw tlmdvafgs.zun
878,mput djlveoazgbouyw.wgc arjxderthbyuzvbqbl.wmvmm
879,mkdir xqnblhynyqyo
880,delete xcwqhkqjmbwpgfdda.sylbo
881,rmdir zmufykttxjzxjbrnighq
882,get jixzwly.mljvw
883,put iuiezfrfdcttojcghqo.oliwa
884,mget wlhzbrmcfilxok.opkos yajwppokyuwlur.dzom
885,mput hdcipzlrbgsdamuqatf.wok aecojq.fdh
886,mkdir neqkcfreqgcaj
887,delete nxkgsfxnozwnx.lkjp
888,rmdir ypqgknr
889,get aslrlczkqtekimhdghs.pgerq
890,put ydtyiswdzxmm.hers
891,mget mvxuhh.qrgo gourgaof.utpcs
892,mput awyhpfuzx.djyx hntrdsa.qbhca
893,mkdir cvesz
894,delete xgcyifnsbaergg.octoj
895,rmdir okvuksbs
896,get nivukrhuoj.xrzk
897,put xaxotrgdwsgqvajxjs.roj
898,mget yscaluhnpttbk.pme efesrkcwvyueh.jci
899,mput tppokymxviclye.bxdk upkxfo.ksdk
900,mkdir qasuxxph
901,delete nphtflpeokdvqbhkvt.rzxbr
902,rmdir vmdjvsxrcarkshm
903,get obfyupgjupxifumetqk.uae
904,put kkulkdvvhcqtekmhm.jzfc
905,mget tvahuckgtnxkqiwx.mai potqohhpqqp.treq
906,mput waapirmgqbocqf.ywqgs nxrtrnkkupdfxy.nvf
907,mkdir mjelqryctzeyfiigctj
908,delete hqmayrvsv.olgyv
909,rmdir czdmttwpjju
910,get nirzgupukefogcwq.qxbpu
911,put ofoyeegidtggohnhwasu.bwopp
912,mget owamd.eott bfukszj.hsns
913,mput vginn.rcl zpkpa.nhc
914,mkdir hklqdhpbyploddu
915,delete mugtxz.exmpb
916,rmdir jssnob
917,get tpwmgrvtdf.nrm
918,put fksjhefedzinixjaj.iai
919,mget fhataas.kjnf nbscwgosxmsq.clpbx
920,mput yeefwhtxgoilfeyopatv.ekj pmvxqjlamgczqmqkumop.jswwx
921,mkdir xfibtrxix
922,delete dmhjdvapettnlpn.ikkt
923,rmdir znbzyn
924,get wztouvqjveayxnvswy.vmb
925,put ndmmtezccstdvzqulfh.wdgz
926,mget pknmdwvsqinjcvtzdwxj.spt lugyobjtzfnwoqzy.cpgc
927,mput zxymyzzggellhphbhyl.dgi yqnimiisfc.eomu
928,mkdir mchibc
929,delete rzdveeavsgsgwtwqcbs.uxee
930,rmdir fjplogyhnxwyf
931,get attnyknrfaktyrcxcvnh.yogph
932,put phbqafshoyd.zfwvp
933,mget yaomesevryakbbbv.nbjl hrlwlfyq.glco
934,mput zaesittaisirbkva.ilxem xtxchxjtji.ppc
935,mkdir zpzflffrxb
936,delete mkrehmvdabksftnvoq.xisj
937,rmdir xbtaqfpb
938,get xojgbbaidhd.mtti
939,put oofkheafamcxfhwbpd.tdx
940,mget brbmmlgc.xqxvg azmctbeierosc.ozhcn
941,mput zzenalzna.vofk dncxdxqq.uvnq
942,mkdir pqthhe
943,delete irzlmyeae.nmiz
944,rmdir wuvwmd
945,get evklrlcyrva.dzcg
946,put usxxzlf.qvxk
947,mget kluojwdfrrnt.ltdqa hxpsdwdkcep.gjm
948,mput orshlqbdlhvugdar.sixdn vbwdfx.issi
949,mkdir azmodgqsoa
950,delete naeohd.prki
951,rmdir pcreqyvqvmmkmaiq
952,get baefd.uigwz
953,put elpgufxfrjtqslhsprl.jjc
954,mget pqquimq.dhlbu jzcxfmqmyxeqryjzfcu.vebp
955,mput bgikmsfljtpbs.ict rlrcoufhdzhq.zeslg
956,mkdir ooakeatpxgzjxfn
957,delete vttctavzt.oxg
958,rmdir rkphglqqclgqumksl
959,get krhubgicauuiap.uza
960,put ogcgzzvpwuqlkmyhye.orudg
961,mget fguvpxhhdu.zlomo nczgkzqfzinluorhqcdr.ndoxu
962,mput htmczctdclxbfnm.pcfbg xzgmdruwbpq.rwe
963,mkdir otznnyhodrxveswz
964,delete gkrrkyktddmgwcc.qty
965,rmdir ltnsrdniqyavhjabzah
966,get subtkt.mhxp
967,put lzbqn.nfpjd
968,mget dbosnmmskcphyvnsnz.fmj hakariijdhsaitispv.xoye
969,mput ocghumlru.exics qilxqizis.ldwgx
970,mkdir djhwfunlyetbvkgchclw
971,delete wliakehzfrrq.owfh
972,rmdir ktoobjzlcpbgdyl
973,get jzsbfcbofjpr.mtopw
974,put qnrbvkjk.xeo
975,mget kepooztkaynedphahdgm.nwo bvpazfnhhwnnszworcyj.dlqip
976,mput ymaqunvpstfrhqttet.kaa gshfrqzpdzfgckwk.deg
977,mkdir wmzjubzxzajsnqrb
978,delete woybwffsbdjzpxwu.hqbb
979,rmdir hwntceydyu
980,get kbklswjhtzinqfvwhx.qdtk
981,put itbzwpvgv.uobr
982,mget jmzahfawr.rvhh jgmqelxzqjjhxtthe.qkqr
983,mput basqjccnzwlltpaia.ewvov tmupmos.zop
984,mkdir yrwkhmnfuzcuff
985,delete crthvfp.cjiai
986,rmdir wboiwurymyjn
987,get ssegnynzhwstn.pdlf
988,put fcwgj.fuo
989,mget jjtojzioetw.ofkt pywewbijh.zwwv
990,mput vjqrafciukwrklk.neg oaxvpysm.fajkf
991,mkdir nkiwoqlnxbe
992,delete hoacfu.udm
993,rmdir nqbzznm
994,get vdmnjoxtvhzzbxfxlt.uubik
995,put hztyihtvqrmkyrte.gaxfg
996,mget hbatjybvcgljjmqiqlqv.lls xlwpzpiekc.voup
997,mput tphjkcbjywezqu.rdlt grfgccllyucpll.layf
998,mkdir quinefnc
999,delete iqfdoczc.ygk
